action,threshold,n,n_tp,n_fp,n_fn,n_tn,cost_tp,cost_fp,cost_fn,cost_tn,cost_tp_counterfactual,total_cost,do_nothing_cost,savings,n_flagged,flag_rate,precision,recall
manual_pack_check,0.0,7511,1320,6191,0,0,21625552.536000002,247640.0,0.0,0.0,28763670.048000004,21873192.536000002,28763670.048000004,6890477.512000002,7511,1.0,0.17574224470776195,1.0
manual_pack_check,0.01,7511,1320,6180,0,11,21625552.536000002,247200.0,0.0,0.0,28763670.048000004,21872752.536000002,28763670.048000004,6890917.512000002,7500,0.998535481294102,0.176,1.0
manual_pack_check,0.02,7511,1320,6179,0,12,21625552.536000002,247160.0,0.0,0.0,28763670.048000004,21872712.536000002,28763670.048000004,6890957.512000002,7499,0.9984023432299295,0.1760234697959728,1.0
manual_pack_check,0.02381,7511,1318,6095,2,96,21623228.704000004,243800.0,2991.7760000000007,0.0,28760678.272000004,21870020.480000004,28763670.048000004,6893649.568,7413,0.9869524697110904,0.17779576419803048,0.9984848484848485
manual_pack_check,0.03,7511,1318,6092,2,99,21623228.704000004,243680.0,2991.7760000000007,0.0,28760678.272000004,21869900.480000004,28763670.048000004,6893769.568,7410,0.9865530555185728,0.17786774628879892,0.9984848484848485
manual_pack_check,0.039356,7511,1318,6087,2,104,21623228.704000004,243480.0,2991.7760000000007,0.0,28760678.272000004,21869700.480000004,28763670.048000004,6893969.568,7405,0.98588736519771,0.17798784604996623,0.9984848484848485
manual_pack_check,0.04,7511,1318,6086,2,105,21623228.704000004,243440.0,2991.7760000000007,0.0,28760678.272000004,21869660.480000004,28763670.048000004,6894009.568,7404,0.9857542271335374,0.17801188546731497,0.9984848484848485
manual_pack_check,0.05,7511,1318,6086,2,105,21623228.704000004,243440.0,2991.7760000000007,0.0,28760678.272000004,21869660.480000004,28763670.048000004,6894009.568,7404,0.9857542271335374,0.17801188546731497,0.9984848484848485
manual_pack_check,0.056497,7511,1318,6085,2,106,21623228.704000004,243400.0,2991.7760000000007,0.0,28760678.272000004,21869620.480000004,28763670.048000004,6894049.568,7403,0.985621089069365,0.17803593137917062,0.9984848484848485
manual_pack_check,0.057146,7511,1290,5725,30,466,21474791.688,229000.0,199414.46400000004,0.0,28564255.584000003,21903206.152000003,28763670.048000004,6860463.896000002,7015,0.9339635201704167,0.18389166072701355,0.9772727272727273
manual_pack_check,0.05741,7511,1164,4253,156,1938,20426578.284,170120.0,1590312.3360000001,0.0,27173357.712000005,22187010.62,28763670.048000004,6576659.428000003,5417,0.7212088936226867,0.21487908436403913,0.8818181818181818
manual_pack_check,0.057971,7511,1164,4253,156,1938,20426578.284,170120.0,1590312.3360000001,0.0,27173357.712000005,22187010.62,28763670.048000004,6576659.428000003,5417,0.7212088936226867,0.21487908436403913,0.8818181818181818
manual_pack_check,0.06,7511,1158,4150,162,2041,20389189.632,166000.0,1639843.872,0.0,27123826.176,22195033.504,28763670.048000004,6568636.5440000035,5308,0.7066968446278791,0.21816126601356442,0.8772727272727273
manual_pack_check,0.07,7511,1158,4150,162,2041,20389189.632,166000.0,1639843.872,0.0,27123826.176,22195033.504,28763670.048000004,6568636.5440000035,5308,0.7066968446278791,0.21816126601356442,0.8772727272727273
manual_pack_check,0.08,7511,1158,4150,162,2041,20389189.632,166000.0,1639843.872,0.0,27123826.176,22195033.504,28763670.048000004,6568636.5440000035,5308,0.7066968446278791,0.21816126601356442,0.8772727272727273
manual_pack_check,0.09,7511,1158,4150,162,2041,20389189.632,166000.0,1639843.872,0.0,27123826.176,22195033.504,28763670.048000004,6568636.5440000035,5308,0.7066968446278791,0.21816126601356442,0.8772727272727273
manual_pack_check,0.095652,7511,1158,4150,162,2041,20389189.632,166000.0,1639843.872,0.0,27123826.176,22195033.504,28763670.048000004,6568636.5440000035,5308,0.7066968446278791,0.21816126601356442,0.8772727272727273
manual_pack_check,0.1,7511,1123,3757,197,2434,20065415.188,150280.0,2069676.4640000002,0.0,26693993.584,22285371.652000003,28763670.048000004,6478298.396000002,4880,0.6497137531620291,0.23012295081967213,0.8507575757575757
manual_pack_check,0.11,7511,1123,3757,197,2434,20065415.188,150280.0,2069676.4640000002,0.0,26693993.584,22285371.652000003,28763670.048000004,6478298.396000002,4880,0.6497137531620291,0.23012295081967213,0.8507575757575757
manual_pack_check,0.116788,7511,1123,3756,197,2435,20065415.188,150240.0,2069676.4640000002,0.0,26693993.584,22285331.652000003,28763670.048000004,6478338.396000002,4879,0.6495806150978565,0.2301701168272187,0.8507575757575757
manual_pack_check,0.12,7511,1039,3079,281,3112,19177643.799999997,123160.0,3248891.648,0.0,25514778.4,22549695.448,28763670.048000004,6213974.600000005,4118,0.5482625482625483,0.2523069451189898,0.7871212121212121
manual_pack_check,0.121855,7511,1039,3077,281,3114,19177643.799999997,123080.0,3248891.648,0.0,25514778.4,22549615.448,28763670.048000004,6214054.600000005,4116,0.5479962721342032,0.2524295432458698,0.7871212121212121
manual_pack_check,0.129944,7511,999,2786,321,3405,18653436.900000002,111440.0,3945700.848,0.0,24817969.200000003,22710577.748000003,28763670.048000004,6053092.300000001,3785,0.5039275728930901,0.2639365918097754,0.7568181818181818
manual_pack_check,0.13,7511,999,2786,321,3405,18653436.900000002,111440.0,3945700.848,0.0,24817969.200000003,22710577.748000003,28763670.048000004,6053092.300000001,3785,0.5039275728930901,0.2639365918097754,0.7568181818181818
manual_pack_check,0.14,7511,998,2786,322,3405,18645405.968000002,111440.0,3956355.4240000006,0.0,24807314.624,22713201.392000005,28763670.048000004,6050468.6559999995,3784,0.5037944348289176,0.26374207188160675,0.7560606060606061
manual_pack_check,0.142857,7511,998,2786,322,3405,18645405.968000002,111440.0,3956355.4240000006,0.0,24807314.624,22713201.392000005,28763670.048000004,6050468.6559999995,3784,0.5037944348289176,0.26374207188160675,0.7560606060606061
manual_pack_check,0.143323,7511,985,2725,335,3466,18483440.5,109000.0,4171616.048000001,0.0,24592054.0,22764056.548,28763670.048000004,5999613.500000004,3710,0.4939422180801491,0.26549865229110514,0.7462121212121212
manual_pack_check,0.15,7511,985,2725,335,3466,18483440.5,109000.0,4171616.048000001,0.0,24592054.0,22764056.548,28763670.048000004,5999613.500000004,3710,0.4939422180801491,0.26549865229110514,0.7462121212121212
manual_pack_check,0.150628,7511,903,2270,417,3921,17725690.416,90800.0,5177576.16,0.0,23586093.888,22994066.576,28763670.048000004,5769603.472000003,3173,0.4224470776194914,0.2845887173022376,0.6840909090909091
manual_pack_check,0.16,7511,903,2269,417,3922,17725690.416,90760.0,5177576.16,0.0,23586093.888,22994026.576,28763670.048000004,5769643.472000003,3172,0.4223139395553189,0.28467843631778056,0.6840909090909091
manual_pack_check,0.17,7511,903,2269,417,3922,17725690.416,90760.0,5177576.16,0.0,23586093.888,22994026.576,28763670.048000004,5769643.472000003,3172,0.4223139395553189,0.28467843631778056,0.6840909090909091
manual_pack_check,0.18,7511,903,2269,417,3922,17725690.416,90760.0,5177576.16,0.0,23586093.888,22994026.576,28763670.048000004,5769643.472000003,3172,0.4223139395553189,0.28467843631778056,0.6840909090909091
manual_pack_check,0.19,7511,903,2268,417,3923,17725690.416,90720.0,5177576.16,0.0,23586093.888,22993986.576,28763670.048000004,5769683.472000003,3171,0.42218080149114634,0.2847682119205298,0.6840909090909091
manual_pack_check,0.192617,7511,902,2268,418,3923,17720616.2,90720.0,5184288.448,0.0,23579381.6,22995624.648,28763670.048000004,5768045.400000006,3170,0.42204766342697375,0.28454258675078864,0.6833333333333333
manual_pack_check,0.19305,7511,902,2268,418,3923,17720616.2,90720.0,5184288.448,0.0,23579381.6,22995624.648,28763670.048000004,5768045.400000006,3170,0.42204766342697375,0.28454258675078864,0.6833333333333333
manual_pack_check,0.197339,7511,818,1946,502,4245,16945492.592,77840.0,6213306.592,0.0,22550363.456,23236639.184,28763670.048000004,5527030.864000004,2764,0.3679936093729197,0.2959479015918958,0.6196969696969697
manual_pack_check,0.2,7511,818,1946,502,4245,16945492.592,77840.0,6213306.592,0.0,22550363.456,23236639.184,28763670.048000004,5527030.864000004,2764,0.3679936093729197,0.2959479015918958,0.6196969696969697
manual_pack_check,0.206452,7511,767,1769,553,4422,16407688.892,70760.0,6927658.192000001,0.0,21836011.856,23406107.084000003,28763670.048000004,5357562.964000002,2536,0.337638130741579,0.3024447949526814,0.581060606060606
manual_pack_check,0.21,7511,767,1769,553,4422,16407688.892,70760.0,6927658.192000001,0.0,21836011.856,23406107.084000003,28763670.048000004,5357562.964000002,2536,0.337638130741579,0.3024447949526814,0.581060606060606
manual_pack_check,0.219626,7511,767,1769,553,4422,16407688.892,70760.0,6927658.192000001,0.0,21836011.856,23406107.084000003,28763670.048000004,5357562.964000002,2536,0.337638130741579,0.3024447949526814,0.581060606060606
manual_pack_check,0.22,7511,465,796,855,5395,11417703.612,31840.0,13564865.232,0.0,15198804.816,25014408.844,28763670.048000004,3749261.2040000036,1261,0.16788709892158168,0.3687549563838224,0.3522727272727273
manual_pack_check,0.23,7511,465,795,855,5396,11417703.612,31800.0,13564865.232,0.0,15198804.816,25014368.844,28763670.048000004,3749301.2040000036,1260,0.16775396085740912,0.36904761904761907,0.3522727272727273
manual_pack_check,0.24,7511,465,793,855,5398,11417703.612,31720.0,13564865.232,0.0,15198804.816,25014288.844,28763670.048000004,3749381.2040000036,1258,0.16748768472906403,0.3696343402225755,0.3522727272727273
manual_pack_check,0.246377,7511,448,731,872,5460,11209459.072,29240.0,13841617.952,0.0,14922052.096,25080317.024,28763670.048000004,3683353.024000004,1179,0.15696977765943282,0.3799830364715861,0.3393939393939394
manual_pack_check,0.25,7511,448,731,872,5460,11209459.072,29240.0,13841617.952,0.0,14922052.096,25080317.024,28763670.048000004,3683353.024000004,1179,0.15696977765943282,0.3799830364715861,0.3393939393939394
manual_pack_check,0.26,7511,448,731,872,5460,11209459.072,29240.0,13841617.952,0.0,14922052.096,25080317.024,28763670.048000004,3683353.024000004,1179,0.15696977765943282,0.3799830364715861,0.3393939393939394
manual_pack_check,0.27,7511,448,731,872,5460,11209459.072,29240.0,13841617.952,0.0,14922052.096,25080317.024,28763670.048000004,3683353.024000004,1179,0.15696977765943282,0.3799830364715861,0.3393939393939394
manual_pack_check,0.28,7511,448,729,872,5462,11209459.072,29160.0,13841617.952,0.0,14922052.096,25080237.024,28763670.048000004,3683433.024000004,1177,0.15670350153108772,0.3806287170773152,0.3393939393939394
manual_pack_check,0.29,7511,448,729,872,5462,11209459.072,29160.0,13841617.952,0.0,14922052.096,25080237.024,28763670.048000004,3683433.024000004,1177,0.15670350153108772,0.3806287170773152,0.3393939393939394
manual_pack_check,0.29703,7511,396,604,924,5587,10246329.828,24160.0,15123016.943999998,0.0,13640653.104000002,25393506.772,28763670.048000004,3370163.2760000043,1000,0.13313806417254692,0.396,0.3
manual_pack_check,0.3,7511,396,604,924,5587,10246329.828,24160.0,15123016.943999998,0.0,13640653.104000002,25393506.772,28763670.048000004,3370163.2760000043,1000,0.13313806417254692,0.396,0.3
manual_pack_check,0.31,7511,396,604,924,5587,10246329.828,24160.0,15123016.943999998,0.0,13640653.104000002,25393506.772,28763670.048000004,3370163.2760000043,1000,0.13313806417254692,0.396,0.3
manual_pack_check,0.310345,7511,366,511,954,5680,9730168.476000002,20440.0,15809632.08,0.0,12954037.968000002,25560240.556,28763670.048000004,3203429.4920000024,877,0.11676208227932366,0.41733181299885974,0.2772727272727273
manual_pack_check,0.314917,7511,366,511,954,5680,9730168.476000002,20440.0,15809632.08,0.0,12954037.968000002,25560240.556,28763670.048000004,3203429.4920000024,877,0.11676208227932366,0.41733181299885974,0.2772727272727273
manual_pack_check,0.32,7511,274,311,1046,5880,7371743.428000001,12440.0,18949292.144,0.0,9814377.904000001,26333475.572000004,28763670.048000004,2430194.476,585,0.07788576754093995,0.4683760683760684,0.20757575757575758
manual_pack_check,0.33,7511,274,311,1046,5880,7371743.428000001,12440.0,18949292.144,0.0,9814377.904000001,26333475.572000004,28763670.048000004,2430194.476,585,0.07788576754093995,0.4683760683760684,0.20757575757575758
manual_pack_check,0.34,7511,274,311,1046,5880,7371743.428000001,12440.0,18949292.144,0.0,9814377.904000001,26333475.572000004,28763670.048000004,2430194.476,585,0.07788576754093995,0.4683760683760684,0.20757575757575758
manual_pack_check,0.35,7511,274,311,1046,5880,7371743.428000001,12440.0,18949292.144,0.0,9814377.904000001,26333475.572000004,28763670.048000004,2430194.476,585,0.07788576754093995,0.4683760683760684,0.20757575757575758
manual_pack_check,0.350877,7511,274,311,1046,5880,7371743.428000001,12440.0,18949292.144,0.0,9814377.904000001,26333475.572000004,28763670.048000004,2430194.476,585,0.07788576754093995,0.4683760683760684,0.20757575757575758
manual_pack_check,0.36,7511,154,119,1166,6072,4675681.276000001,4760.0,22537641.68,0.0,6226028.368000001,27218082.956,28763670.048000004,1545587.092000004,273,0.036346691519105315,0.5641025641025641,0.11666666666666667
manual_pack_check,0.37,7511,154,118,1166,6073,4675681.276000001,4720.0,22537641.68,0.0,6226028.368000001,27218042.956,28763670.048000004,1545627.092000004,272,0.03621355345493277,0.5661764705882353,0.11666666666666667
manual_pack_check,0.38,7511,154,118,1166,6073,4675681.276000001,4720.0,22537641.68,0.0,6226028.368000001,27218042.956,28763670.048000004,1545627.092000004,272,0.03621355345493277,0.5661764705882353,0.11666666666666667
manual_pack_check,0.39,7511,154,117,1166,6074,4675681.276000001,4680.0,22537641.68,0.0,6226028.368000001,27218002.956,28763670.048000004,1545667.092000004,271,0.03608041539076022,0.5682656826568265,0.11666666666666667
manual_pack_check,0.392799,7511,154,117,1166,6074,4675681.276000001,4680.0,22537641.68,0.0,6226028.368000001,27218002.956,28763670.048000004,1545667.092000004,271,0.03608041539076022,0.5682656826568265,0.11666666666666667
manual_pack_check,0.4,7511,153,117,1167,6074,4668341.58,4680.0,22547374.608000003,0.0,6216295.440000001,27220396.188,28763670.048000004,1543273.8600000031,270,0.03594727732658767,0.5666666666666667,0.1159090909090909
manual_pack_check,0.41,7511,153,117,1167,6074,4668341.58,4680.0,22547374.608000003,0.0,6216295.440000001,27220396.188,28763670.048000004,1543273.8600000031,270,0.03594727732658767,0.5666666666666667,0.1159090909090909
manual_pack_check,0.42,7511,153,117,1167,6074,4668341.58,4680.0,22547374.608000003,0.0,6216295.440000001,27220396.188,28763670.048000004,1543273.8600000031,270,0.03594727732658767,0.5666666666666667,0.1159090909090909
manual_pack_check,0.43,7511,153,117,1167,6074,4668341.58,4680.0,22547374.608000003,0.0,6216295.440000001,27220396.188,28763670.048000004,1543273.8600000031,270,0.03594727732658767,0.5666666666666667,0.1159090909090909
manual_pack_check,0.44,7511,153,117,1167,6074,4668341.58,4680.0,22547374.608000003,0.0,6216295.440000001,27220396.188,28763670.048000004,1543273.8600000031,270,0.03594727732658767,0.5666666666666667,0.1159090909090909
manual_pack_check,0.45,7511,153,117,1167,6074,4668341.58,4680.0,22547374.608000003,0.0,6216295.440000001,27220396.188,28763670.048000004,1543273.8600000031,270,0.03594727732658767,0.5666666666666667,0.1159090909090909
manual_pack_check,0.46,7511,153,117,1167,6074,4668341.58,4680.0,22547374.608000003,0.0,6216295.440000001,27220396.188,28763670.048000004,1543273.8600000031,270,0.03594727732658767,0.5666666666666667,0.1159090909090909
manual_pack_check,0.47,7511,153,117,1167,6074,4668341.58,4680.0,22547374.608000003,0.0,6216295.440000001,27220396.188,28763670.048000004,1543273.8600000031,270,0.03594727732658767,0.5666666666666667,0.1159090909090909
manual_pack_check,0.48,7511,153,117,1167,6074,4668341.58,4680.0,22547374.608000003,0.0,6216295.440000001,27220396.188,28763670.048000004,1543273.8600000031,270,0.03594727732658767,0.5666666666666667,0.1159090909090909
manual_pack_check,0.49,7511,153,117,1167,6074,4668341.58,4680.0,22547374.608000003,0.0,6216295.440000001,27220396.188,28763670.048000004,1543273.8600000031,270,0.03594727732658767,0.5666666666666667,0.1159090909090909
manual_pack_check,0.5,7511,153,117,1167,6074,4668341.58,4680.0,22547374.608000003,0.0,6216295.440000001,27220396.188,28763670.048000004,1543273.8600000031,270,0.03594727732658767,0.5666666666666667,0.1159090909090909
manual_pack_check,0.51,7511,153,117,1167,6074,4668341.58,4680.0,22547374.608000003,0.0,6216295.440000001,27220396.188,28763670.048000004,1543273.8600000031,270,0.03594727732658767,0.5666666666666667,0.1159090909090909
manual_pack_check,0.52,7511,153,117,1167,6074,4668341.58,4680.0,22547374.608000003,0.0,6216295.440000001,27220396.188,28763670.048000004,1543273.8600000031,270,0.03594727732658767,0.5666666666666667,0.1159090909090909
manual_pack_check,0.53,7511,152,117,1168,6074,4658757.32,4680.0,22560100.288000003,0.0,6203569.760000001,27223537.608000003,28763670.048000004,1540132.4400000013,269,0.035814139262415126,0.5650557620817844,0.11515151515151516
manual_pack_check,0.54,7511,152,117,1168,6074,4658757.32,4680.0,22560100.288000003,0.0,6203569.760000001,27223537.608000003,28763670.048000004,1540132.4400000013,269,0.035814139262415126,0.5650557620817844,0.11515151515151516
manual_pack_check,0.54023,7511,64,30,1256,6161,2552633.6920000003,1200.0,25363571.792000003,0.0,3400098.256,27917405.484000005,28763670.048000004,846264.5639999993,94,0.01251497803221941,0.6808510638297872,0.048484848484848485
manual_pack_check,0.55,7511,64,30,1256,6161,2552633.6920000003,1200.0,25363571.792000003,0.0,3400098.256,27917405.484000005,28763670.048000004,846264.5639999993,94,0.01251497803221941,0.6808510638297872,0.048484848484848485
manual_pack_check,0.56,7511,64,30,1256,6161,2552633.6920000003,1200.0,25363571.792000003,0.0,3400098.256,27917405.484000005,28763670.048000004,846264.5639999993,94,0.01251497803221941,0.6808510638297872,0.048484848484848485
manual_pack_check,0.57,7511,64,30,1256,6161,2552633.6920000003,1200.0,25363571.792000003,0.0,3400098.256,27917405.484000005,28763670.048000004,846264.5639999993,94,0.01251497803221941,0.6808510638297872,0.048484848484848485
manual_pack_check,0.58,7511,64,30,1256,6161,2552633.6920000003,1200.0,25363571.792000003,0.0,3400098.256,27917405.484000005,28763670.048000004,846264.5639999993,94,0.01251497803221941,0.6808510638297872,0.048484848484848485
manual_pack_check,0.59,7511,64,30,1256,6161,2552633.6920000003,1200.0,25363571.792000003,0.0,3400098.256,27917405.484000005,28763670.048000004,846264.5639999993,94,0.01251497803221941,0.6808510638297872,0.048484848484848485
manual_pack_check,0.6,7511,64,30,1256,6161,2552633.6920000003,1200.0,25363571.792000003,0.0,3400098.256,27917405.484000005,28763670.048000004,846264.5639999993,94,0.01251497803221941,0.6808510638297872,0.048484848484848485
manual_pack_check,0.61,7511,64,30,1256,6161,2552633.6920000003,1200.0,25363571.792000003,0.0,3400098.256,27917405.484000005,28763670.048000004,846264.5639999993,94,0.01251497803221941,0.6808510638297872,0.048484848484848485
manual_pack_check,0.62,7511,64,30,1256,6161,2552633.6920000003,1200.0,25363571.792000003,0.0,3400098.256,27917405.484000005,28763670.048000004,846264.5639999993,94,0.01251497803221941,0.6808510638297872,0.048484848484848485
manual_pack_check,0.63,7511,64,29,1256,6162,2552633.6920000003,1160.0,25363571.792000003,0.0,3400098.256,27917365.484000005,28763670.048000004,846304.5639999993,93,0.012381839968046865,0.6881720430107527,0.048484848484848485
manual_pack_check,0.630435,7511,13,6,1307,6185,914439.2320000002,240.0,27545111.072000004,0.0,1218558.9760000003,28459790.304000005,28763670.048000004,303879.743999999,19,0.002529623219278392,0.6842105263157895,0.009848484848484848
manual_pack_check,0.64,7511,13,6,1307,6185,914439.2320000002,240.0,27545111.072000004,0.0,1218558.9760000003,28459790.304000005,28763670.048000004,303879.743999999,19,0.002529623219278392,0.6842105263157895,0.009848484848484848
manual_pack_check,0.65,7511,13,6,1307,6185,914439.2320000002,240.0,27545111.072000004,0.0,1218558.9760000003,28459790.304000005,28763670.048000004,303879.743999999,19,0.002529623219278392,0.6842105263157895,0.009848484848484848
manual_pack_check,0.66,7511,13,6,1307,6185,914439.2320000002,240.0,27545111.072000004,0.0,1218558.9760000003,28459790.304000005,28763670.048000004,303879.743999999,19,0.002529623219278392,0.6842105263157895,0.009848484848484848
manual_pack_check,0.67,7511,13,6,1307,6185,914439.2320000002,240.0,27545111.072000004,0.0,1218558.9760000003,28459790.304000005,28763670.048000004,303879.743999999,19,0.002529623219278392,0.6842105263157895,0.009848484848484848
manual_pack_check,0.68,7511,13,6,1307,6185,914439.2320000002,240.0,27545111.072000004,0.0,1218558.9760000003,28459790.304000005,28763670.048000004,303879.743999999,19,0.002529623219278392,0.6842105263157895,0.009848484848484848
manual_pack_check,0.69,7511,13,6,1307,6185,914439.2320000002,240.0,27545111.072000004,0.0,1218558.9760000003,28459790.304000005,28763670.048000004,303879.743999999,19,0.002529623219278392,0.6842105263157895,0.009848484848484848
manual_pack_check,0.7,7511,13,6,1307,6185,914439.2320000002,240.0,27545111.072000004,0.0,1218558.9760000003,28459790.304000005,28763670.048000004,303879.743999999,19,0.002529623219278392,0.6842105263157895,0.009848484848484848
manual_pack_check,0.71,7511,13,6,1307,6185,914439.2320000002,240.0,27545111.072000004,0.0,1218558.9760000003,28459790.304000005,28763670.048000004,303879.743999999,19,0.002529623219278392,0.6842105263157895,0.009848484848484848
manual_pack_check,0.72,7511,13,6,1307,6185,914439.2320000002,240.0,27545111.072000004,0.0,1218558.9760000003,28459790.304000005,28763670.048000004,303879.743999999,19,0.002529623219278392,0.6842105263157895,0.009848484848484848
manual_pack_check,0.73,7511,13,6,1307,6185,914439.2320000002,240.0,27545111.072000004,0.0,1218558.9760000003,28459790.304000005,28763670.048000004,303879.743999999,19,0.002529623219278392,0.6842105263157895,0.009848484848484848
manual_pack_check,0.74,7511,13,6,1307,6185,914439.2320000002,240.0,27545111.072000004,0.0,1218558.9760000003,28459790.304000005,28763670.048000004,303879.743999999,19,0.002529623219278392,0.6842105263157895,0.009848484848484848
manual_pack_check,0.75,7511,13,6,1307,6185,914439.2320000002,240.0,27545111.072000004,0.0,1218558.9760000003,28459790.304000005,28763670.048000004,303879.743999999,19,0.002529623219278392,0.6842105263157895,0.009848484848484848
manual_pack_check,0.76,7511,13,6,1307,6185,914439.2320000002,240.0,27545111.072000004,0.0,1218558.9760000003,28459790.304000005,28763670.048000004,303879.743999999,19,0.002529623219278392,0.6842105263157895,0.009848484848484848
manual_pack_check,0.77,7511,12,6,1308,6185,895288.2960000002,240.0,27570592.32,0.0,1193077.7280000001,28466120.616,28763670.048000004,297549.43200000376,18,0.0023964851551058447,0.6666666666666666,0.00909090909090909
manual_pack_check,0.78,7511,12,6,1308,6185,895288.2960000002,240.0,27570592.32,0.0,1193077.7280000001,28466120.616,28763670.048000004,297549.43200000376,18,0.0023964851551058447,0.6666666666666666,0.00909090909090909
manual_pack_check,0.79,7511,12,6,1308,6185,895288.2960000002,240.0,27570592.32,0.0,1193077.7280000001,28466120.616,28763670.048000004,297549.43200000376,18,0.0023964851551058447,0.6666666666666666,0.00909090909090909
manual_pack_check,0.8,7511,12,6,1308,6185,895288.2960000002,240.0,27570592.32,0.0,1193077.7280000001,28466120.616,28763670.048000004,297549.43200000376,18,0.0023964851551058447,0.6666666666666666,0.00909090909090909
manual_pack_check,0.81,7511,12,6,1308,6185,895288.2960000002,240.0,27570592.32,0.0,1193077.7280000001,28466120.616,28763670.048000004,297549.43200000376,18,0.0023964851551058447,0.6666666666666666,0.00909090909090909
manual_pack_check,0.82,7511,12,6,1308,6185,895288.2960000002,240.0,27570592.32,0.0,1193077.7280000001,28466120.616,28763670.048000004,297549.43200000376,18,0.0023964851551058447,0.6666666666666666,0.00909090909090909
manual_pack_check,0.83,7511,12,6,1308,6185,895288.2960000002,240.0,27570592.32,0.0,1193077.7280000001,28466120.616,28763670.048000004,297549.43200000376,18,0.0023964851551058447,0.6666666666666666,0.00909090909090909
manual_pack_check,0.84,7511,12,6,1308,6185,895288.2960000002,240.0,27570592.32,0.0,1193077.7280000001,28466120.616,28763670.048000004,297549.43200000376,18,0.0023964851551058447,0.6666666666666666,0.00909090909090909
manual_pack_check,0.85,7511,12,6,1308,6185,895288.2960000002,240.0,27570592.32,0.0,1193077.7280000001,28466120.616,28763670.048000004,297549.43200000376,18,0.0023964851551058447,0.6666666666666666,0.00909090909090909
manual_pack_check,0.86,7511,12,6,1308,6185,895288.2960000002,240.0,27570592.32,0.0,1193077.7280000001,28466120.616,28763670.048000004,297549.43200000376,18,0.0023964851551058447,0.6666666666666666,0.00909090909090909
manual_pack_check,0.87,7511,12,6,1308,6185,895288.2960000002,240.0,27570592.32,0.0,1193077.7280000001,28466120.616,28763670.048000004,297549.43200000376,18,0.0023964851551058447,0.6666666666666666,0.00909090909090909
manual_pack_check,0.88,7511,12,6,1308,6185,895288.2960000002,240.0,27570592.32,0.0,1193077.7280000001,28466120.616,28763670.048000004,297549.43200000376,18,0.0023964851551058447,0.6666666666666666,0.00909090909090909
manual_pack_check,0.89,7511,12,6,1308,6185,895288.2960000002,240.0,27570592.32,0.0,1193077.7280000001,28466120.616,28763670.048000004,297549.43200000376,18,0.0023964851551058447,0.6666666666666666,0.00909090909090909
manual_pack_check,0.9,7511,12,6,1308,6185,895288.2960000002,240.0,27570592.32,0.0,1193077.7280000001,28466120.616,28763670.048000004,297549.43200000376,18,0.0023964851551058447,0.6666666666666666,0.00909090909090909
manual_pack_check,0.91,7511,11,6,1309,6185,885791.4800000002,240.0,27583201.408,0.0,1180468.6400000001,28469232.888,28763670.048000004,294437.1600000039,17,0.002263347090933298,0.6470588235294118,0.008333333333333333
manual_pack_check,0.92,7511,11,6,1309,6185,885791.4800000002,240.0,27583201.408,0.0,1180468.6400000001,28469232.888,28763670.048000004,294437.1600000039,17,0.002263347090933298,0.6470588235294118,0.008333333333333333
manual_pack_check,0.93,7511,11,6,1309,6185,885791.4800000002,240.0,27583201.408,0.0,1180468.6400000001,28469232.888,28763670.048000004,294437.1600000039,17,0.002263347090933298,0.6470588235294118,0.008333333333333333
manual_pack_check,0.94,7511,11,6,1309,6185,885791.4800000002,240.0,27583201.408,0.0,1180468.6400000001,28469232.888,28763670.048000004,294437.1600000039,17,0.002263347090933298,0.6470588235294118,0.008333333333333333
manual_pack_check,0.95,7511,11,6,1309,6185,885791.4800000002,240.0,27583201.408,0.0,1180468.6400000001,28469232.888,28763670.048000004,294437.1600000039,17,0.002263347090933298,0.6470588235294118,0.008333333333333333
manual_pack_check,0.96,7511,11,6,1309,6185,885791.4800000002,240.0,27583201.408,0.0,1180468.6400000001,28469232.888,28763670.048000004,294437.1600000039,17,0.002263347090933298,0.6470588235294118,0.008333333333333333
manual_pack_check,0.97,7511,11,6,1309,6185,885791.4800000002,240.0,27583201.408,0.0,1180468.6400000001,28469232.888,28763670.048000004,294437.1600000039,17,0.002263347090933298,0.6470588235294118,0.008333333333333333
manual_pack_check,0.98,7511,11,6,1309,6185,885791.4800000002,240.0,27583201.408,0.0,1180468.6400000001,28469232.888,28763670.048000004,294437.1600000039,17,0.002263347090933298,0.6470588235294118,0.008333333333333333
manual_pack_check,0.99,7511,11,6,1309,6185,885791.4800000002,240.0,27583201.408,0.0,1180468.6400000001,28469232.888,28763670.048000004,294437.1600000039,17,0.002263347090933298,0.6470588235294118,0.008333333333333333
manual_pack_check,1.0,7511,11,6,1309,6185,885791.4800000002,240.0,27583201.408,0.0,1180468.6400000001,28469232.888,28763670.048000004,294437.1600000039,17,0.002263347090933298,0.6470588235294118,0.008333333333333333
manual_pack_check,1.0,7511,11,6,1309,6185,885791.4800000002,240.0,27583201.408,0.0,1180468.6400000001,28469232.888,28763670.048000004,294437.1600000039,17,0.002263347090933298,0.6470588235294118,0.008333333333333333
